job_skills,count
"Front Counter, DriveThru, Outside Order Taker, Runner, Dining Room Attendant, Drinks, Make Up Table, Prep, Grill, Fry, Porter, Coaching, High school diploma/GED, Restaurant leadership experience, Food Handlers Certification",169
"Front Counter, DriveThru, Outside Order Taker, Runner, Dining Room Attendant, Drinks, Make Up Table, Prep, Grill, Fry, Porter, Coaching, High school diploma/GED, 1+ years of restaurant leadership experience, Food Handlers Certification",112
"Communication, Collaboration, Holds Self Accountable, Solution Oriented, People Centric, Relevant, Initiative, Deliver, Evolve",90
"Retail experience, Management experience, Communication skills, Interpersonal skills, Written skills, Ability to lift heavy objects, Ability to work in a team environment, Health and welfare programs, Employee Assistance Program, Paid Time Off, Retirement Plans, Employee Stock Purchase Program",83
"Leadership, Training, Coaching, Development, Customer Service, Merchandising, Product Knowledge, Operational Knowledge, Building Materials, Decor, Electrical, Flooring, Gardening, Hardware, Kitchen & Bath, Lumber, Millwork, Paint, Plumbing, Pro Account Sales, Tool Rental, Front End, Freight, Receiving, Associate Support, Special Services, Merchandising Execution",75
"VolunteerMatch, LinkedIn for Good",70
"Food Safety, Internal Communication, Inventory Management, Daily Maintenance and Cleanliness, Managing Crew, Quality Food Production, Exceptional Customer Service, Safety and Security, Scheduling, Training, Leadership",47
"Supervisory experience, High school education, Desire to learn and grow, Valid Driver's License",41
"Food Safety, Internal Communication, Inventory Management, Daily Maintenance and Cleanliness, Managing Crew, Quality Food Production, Exceptional Customer Service, Safety and Security, Scheduling, Training",40
Nursing,38
This context does not mention anything about technical skills frameworks languages softwares concepts and requirements so I cannot extract the requested data from the provided context.,36
"Restaurant Management, Hospitality, Guest Satisfaction",35
"Physician, Obstetrics, Gynecology",33
"Retail experience, Management experience, Communication skills, Interpersonal skills, Written skills, Ability to lift heavy objects, Ability to work in a team, Health and welfare programs, Employee Assistance Program, Paid Time Off, Retirement Plans, Employee Stock Purchase Program",32
"Customer service skills, Communication skills, Mathematical skills, Literacy skills, High school diploma",32
"Communication skills, Motivating attitude, Technical skills, Flexibility, Organization, Goaloriented, Cosmetology license, Barber license, Manager training, Incentives, Recognition, Customer base, Ongoing training",31
"Leadership, Training, Coaching, Development, Customer Service, Merchandising, Product Knowledge, Operational Knowledge",30
"Customer service, Cash register operation, Merchandising, Cleaning, Planogram implementation, Store management, Communication, Safety, Mathematical calculations, Cash handling, Driving, High school diploma, Supervisory experience, Walking, Standing, Bending, Stooping, Kneeling, Lifting, Climbing, Fastpaced environment, Noise, Weather conditions, Driving",29
"Restaurant Management, Hospitality, Customer Service",29
"Teamwork, Positive attitude, Adaptability, Willingness to learn, Passion for maintaining a healthy and safe environment",29
"Flexible schedules, Free Employee Meal, Weekly pay, Anniversary pay, Paid Sick Leave, Paid Family and Medical Leave, Medical/dental insurance, Ongoing training, Discounts on cellphones travel electronics, 401(k) savings plan, Management career advancement opportunities",28
"Customer service, Communication, Mathematical skills, Literacy skills, High school diploma",26
"Communication skills, Motivating attitude, Technical skills, Flexibility, Organization, Goaldriven, Cosmetology license, Barber license, Manager training, Incentives, Recognition, Customer base, Ongoing training",26
"Retail experience, Management experience, Communication skills, Interpersonal skills, Written skills, Ability to lift bend and transport merchandise, Ability to work in a team environment, Health and welfare programs, Employee Assistance Program, Paid Time Off, Retirement Plans, Employee Stock Purchase Program",25
"Leadership, Training, Coaching, Development, Customer Service, Merchandising, Product Knowledge, Operational Knowledge, Store Management, Operations Management, Building Materials, Decor, Electrical, Flooring, Gardening, Hardware, Kitchen & Bath, Lumber, Millwork, Paint, Plumbing, Pro Account Sales, Tool Rental, Front End, Freight, Receiving, Associate Support, Special Services, Merchandising Execution",25
"Social Work Qualification, Understanding of relevant legislation, Continual professional development, Social Work England registered",24
"Front Counter, DriveThru, Outside Order Taker, Runner, Dining Room Attendant, Drinks, Make Up Table, Prep, Grill, Fry, Porter, Coaching, Food Handlers Certification, High school diploma/GED, 1+ years of restaurant leadership experience",21
"Meat searing, Meat seasoning, Meat cooking, Sanitation guidelines, Teamwork, Flexible work schedules, Tuition reimbursement, Competitive wages, Weekly pay, Paid vacation, Annual holiday bonus, Medical dental and vision plans, Shortterm disability, Life accidental and critical illness insurance, Identity theft protection, Employee assistance program, Employee food and corporate discounts, Opportunity for advancement",21
"Leadership, Training, Coaching, Development, Customer Service, Merchandising, Operational Knowledge, Product Knowledge",21
AppleOne,21
"ParaProfessional, Aides, Assistants",20
"Physician, Family Practice, Healthcare, Job Search, Email Alerts, Professional Profile, CV, Credentials, Medical Information, Confidentiality, Career Matching",20
"Food Safety, Internal Communication, Inventory Management, Daily Maintenance, Cleanliness, Managing Crew, Quality Food Production, Exceptional Customer Service, Safety, Security, Scheduling, Training",19
"Food Safety, Internal Communication, Inventory Management, Daily Maintenance, Cleanliness, Managing Crew, Quality Food Production, Exceptional Customer Service, Safety and Security, Scheduling, Training, Leadership",19
Physician,19
"Healthcare staffing, Customer service, Per Diem, Travel Contracts",19
Registered Nurse,19
"Front Counter, DriveThru, Outside Order Taker, Runner, Dining Room Attendant, Drinks, Make Up Table, Prep, Grill, Fry, Porter, Coaching, Food Handlers Certification, High school diploma/GED, Restaurant leadership experience",18
"Restaurant management, Staff management, Hospitality, Guest satisfaction",18
"Physician, Family Practice, Healthcare, Job Search, Email Alerts, Professional Profile, CV, Credentials, Medical Information, Confidentiality, Career Matching Support",18
Equal Opportunity Employer,17
Communication,17
"Customer service, Supervisory experience, Team environment, Training, Decision making, Goal achievement, Computer proficiency, Flexible schedule",17
Volunteer,17
"Retail experience, Management experience, Communication skills, Interpersonal skills, Written skills, Ability to lift bend and transport merchandise, Ability to work in a high energy team environment, Health and welfare programs, Employee Assistance Program, Paid Time Off, Retirement Plans, Employee Stock Purchase Program",16
"Food Safety, Internal Communication, Inventory Management, Daily Maintenance, Cleanliness, Managing Crew, Quality Food Production, Exceptional Customer Service, Safety and Security, Scheduling, Training",16
"Communication skills, Motivating attitude, Technical skills, Flexible, Organized, Goaldriven, Cosmetology license, Barber license, Manager training, Incentives, Recognition, Customer base, Ongoing training",16
"Communication skills, Motivating attitude, Technical skills, Flexible, Organized, Driven, Cosmetology license, Barber license, Manager training, Incentives, Recognition, Customer base, Ongoing training",15
"Customer service, Sales, Communication, Teamwork, Problemsolving, Retail experience, Cashiering experience, High school diploma",15
"Restaurant Management, Staff Management, Hospitality, Guest Satisfaction",15
"Physician, Anesthesiology",15
"Leadership, Food Safety, Internal Communication, Inventory Management, Daily Maintenance, Cleanliness, Managing Crew, Quality Food Production, Exceptional Customer Service, Safety, Security, Scheduling, Training",15
"Front Counter, DriveThru, Outside Order Taker, Runner, Dining Room Attendant, Drinks, Make Up Table, Prep, Grill, Fry, Porter, Coaching, High school diploma/GED, Food Handlers Certification",15
"Leadership, Training, Coaching, Development, Customer Service, Merchandising, Product Knowledge, Operational Knowledge, Store Management, Operations Team, Building Materials, Decor, Electrical, Flooring, Gardening, Hardware, Kitchen & Bath, Lumber, Millwork, Paint, Plumbing, Pro Account Sales, Tool Rental, Front End, Freight, Receiving, Associate Support, Special Services, Merchandising Execution",15
"Front Counter, DriveThru, Outside Order Taker, Runner, Dining Room Attendant, Drinks, Make Up Table, Prep, Grill, Fry, Porter, Coaching, High School Diploma/GED, Restaurant Leadership Experience, Food Handlers Certification",14
"Physician, Hospitalist",14
"Customer service, Guest seating, Greeting, Reception, Reservations",14
"Physician, Gastroenterology",14
"Customer service, Retail, Cashiering, Sales, Communication, Teamwork, Problemsolving, High school diploma",14
"Physician, Pediatrics",14
"Physician, Internal Medicine, Healthcare",14
"HCPC, NHS experience, 1 year experience",13
"Leadership, Training, Coaching, Development, Customer Service, Merchandising, Product Knowledge, Operational Knowledge, Store Management, Operations Management",13
"Customer Service, Retail, Cashiering, Sales, Communication, Teamwork, Problem Solving, High School Diploma",13
"Mental Health Nursing, NMC Registration",13
"Windows Server, Active Directory, SQL Server, Office 365, Azure, Citrix, Splunk, Exchange, Windows Containers, HyperV, Automation tools, Scripting, Programming, Troubleshooting, Customer service, Monitoring systems, Prometheus, SentryOne",13
"Customer service, Cashiering, Retail, Sales, Communication, Teamwork, Problemsolving, High school diploma",13
"Guest seating, Greeting, Reception, Reservations, Customer service",13
"Physician, Family Practice, Healthcare, Job Search, Professional Profile, Confidentiality, Career Matching Support",13
"Music teaching, Volunteering, Criminal background check",13
"Product procurement, Leadership, Communication, Customer service, Culinary/food and beverage industry experience, Team education, Troubleshooting, Excel, Access, Relocation to Madison WI, US work eligibility, COVID19 Vaccination",13
EVerify,13
COVID19 vaccination,12
"Communication skills, Ability to work at heights, Ability to lift heavy objects, Valid driver's license, Ability to travel",12
"Customer service, Communication skills, Ability to work at heights, Ability to lift heavy objects, Valid driver's license, Ability to travel",12
"Food Safety, Internal Communication, Inventory Management, Daily Maintenance, Cleanliness, Managing Crew, Quality Food Production, Exceptional Customer Service, Safety, Security, Scheduling, Training, Leadership",12
Hospitality,12
"Retail experience, Leadership skills, Communication skills",12
"Communication skills, Motivating attitude, Technical skills, Flexibility, Organization, Goaloriented, Cosmetology license, Barber license",12
"Registered Nurse, Intensive Care Unit, Travel Assignment",12
"CT Technologist, Allied Health Professional, Radiology Tech",12
Volunteering,11
"Customer service, Cash register operation, Merchandising, Cleaning, Planogram implementation, Store management, Communication, Safety, Mathematical calculations, Cash handling, Driving, High school diploma, Supervisory experience, Walking, Standing, Bending, Stooping, Kneeling, Lifting, Climbing, Fastpaced environment, Noise, Outside weather conditions, Driving",11
"Communication skills, Motivation, Technical skills, Flexibility, Organization, Goaldriven, Cosmetology license, Barber license, Manager training, Incentives, Recognition, Customer base, Ongoing training",11
"Communication skills, Motivation, Technical skills, Flexibility, Organization, Goaloriented, Cosmetology license, Barber license",11
"Communication skills, Customer service skills, Ability to work at heights, Ability to lift heavy objects, Valid driver's license, Ability to travel",11
"Restaurant operations execution, Staff management, Hospitality, Guest satisfaction",11
"Physician, Psychiatric, Mental Health",11
Equal Employment Opportunity,11
"Home Health RN, HHCMedication, HHCNasal/Tracheal Suction Exam, HHCPediatric Ventilator, HHCVentilator Management",11
"Product procurement, Leadership, Communication, Customer service, Culinary/food and beverage industry experience, Team education, Troubleshooting, Microsoft Excel, Microsoft Access, Relocation to Madison WI, US work authorization, COVID19 Vaccination",11
"Physician, PsychiatricMental Health",11
"Nursing, UK Registered Nurse, Personcentered care",11
No technical skills frameworks languages softwares concepts or requirements found in the provided job posting.,11
Architect,11
"Communication, Personal Care, Companionship, Activities of Daily Living (ADLs)",11
"HCPC, Car driver, NHS experience, 1 year experience",11
No technical skills frameworks languages softwares concepts or requirements were found in the provided job posting.,11
"Physician, Obstetrics, Gynecology, Healthcare",11
"Communication skills, Motivation, Technical skills, Flexibility, Organization, Goaloriented, Cosmetology license, Barber license, Manager training, Incentives, Recognition, Customer base, Ongoing training",11
"CRNA, Anesthesiology",10
"Customer service, Supervisory experience, Team environment, Training, Decisionmaking, Goal achievement, Computer proficiency, Flexible schedule",10
"Customer service, Communication, Basic math, Literacy, High school diploma",10
"Leadership, Training, Coaching, Development, Customer Service, Merchandising, Operations, Product Knowledge, Building Materials, Decor, Electrical, Flooring, Gardening, Hardware, Kitchen & Bath, Lumber, Millwork, Paint, Plumbing, Pro Account Sales, Tool Rental, Front End, Freight, Receiving, Associate Support, Special Services, Merchandising Execution",10
"Physician, Internal Medicine, Healthcare, Job Search, Email Alerts, Professional Profile, CV, Credentials, Medical Information, Confidentiality, Career Matching",10
"Skilled Trades, Technician",10
Customer service,10
"Home Health RN, BLS, Color Vision Mandatory Exam, Core Mandatory Part I, Core Mandatory Part II (Nursing), Core Mandatory Part III, HHCMedication, HHCNasal/Tracheal Suction Exam, HHCPediatric Ventilator, HHCVentilator Management, Preventing Medication Errors, RN Pharmacology, RN State License",10
"Supervisory experience, High school education, Desire to learn, Valid Driver's License",10
"Communication skills, Motivating attitude, Technical skills, Flexibility, Organization, Goal orientation, Hair cutting license, Cosmetology license, Barber license, Manager training, Incentives, Recognition, Customer base, Ongoing training",10
"Healthcare staffing, Customer service, Per Diem, Travel Contracts, Equal opportunity employer",10
"Physician, Physiatry, Physical Medicine, Rehabilitation",10
"Customer service, Cash register operation, Merchandising, Cleaning, Planogram implementation, Store management, Communication, Safety, Mathematical calculations, Cash handling, Driving, High school diploma, Supervisory experience, Walking, Standing, Bending, Stooping, Kneeling, Lifting, Climbing, Fastpaced environment, Noise, Weather exposure, Driving",10
Photography,10
"Communication, Personal care, Companionship, Activities of Daily Living (ADLs)",10
"Leadership, Training, Coaching, Development, Customer service, Merchandising, Product knowledge, Operational knowledge",10
"Customer service, Supervisory experience, Team environment, Training and directing, Decision making, Goal achievement, Computer proficiency, Flexible schedule",10
Electronic medical record system,10
"Communication skills, Customer service skills, Ability to work at heights, Ability to lift heavy objects, Valid driver's license, Ability to travel, Aptitude to build rapport quickly",10
"Front Counter, DriveThru, Outside Order Taker, Runner, Dining Room Attendant, Drinks, Make Up Table, Prep, Grill, Fry, Porter, Coaching, High school diploma/GED or equivalent work experience, 1+ years of restaurant leadership experience, Food Handlers Certification",10
"Communication skills, Motivating attitude, Technical skills, Flexibility, Organization, Goal achievement, Cosmetology license, Barber license, Manager training, Incentives, Recognition, Customer base, Ongoing training",9
"Retail experience, Management experience, Communication skills, Interpersonal skills, Written skills, Ability to lift bend and transport merchandise, Ability to work in a highenergy team environment, Health and welfare programs, Employee Assistance Program, Paid Time Off, Retirement Plans, Employee Stock Purchase Program",9
"Restaurant management, Staff management, Hospitality, Customer service",9
No technical skills frameworks languages softwares concepts or requirements found in the given job posting.,9
"Communication, Collaboration, Self Accountability, Solution Oriented, People Centric, Relevant, Initiative, Deliver, Evolve",9
"Retail experience, Management experience, Communication skills, Interpersonal skills, Written skills, Lifting, Bending, Transporting merchandise, Teamwork, Health and welfare programs, Employee Assistance Program, Paid Time Off, Retirement Plans, Employee Stock Purchase Program",9
Technician Radiology Technologist,9
United States of America,9
"Customer service, Communication skills, Ability to work at heights, Ability to lift heavy objects, Valid driver's license, Ability to travel, Aptitude to build rapport quickly",9
"Restaurant Operations Execution, Staff Management, Hospitality, Guest Satisfaction",9
This context does not mention anything about techinical skills frameworks languages softwares concepts and requirements so I cannot extract the requested data from the provided context.,9
Volunteerism,9
"Music teaching, Criminal background check",9
"Retail experience, Leadership, Communication",9
"Product Management, Software Development, Hardware Development, Remote Work, Sequoia Capital, Lightspeed Ventures, Tiger Global Management, A16Z, Accel, DFJ",9
"Communication skills, Motivating attitude, Technical skills, Flexibility, Organization, Goal orientation, Cosmetology license, Barber license, Manager training, Incentives, Recognition, Customer base, Ongoing training",9
Teaching,9
"Restaurant management, Hospitality, Guest satisfaction",9
"Retail, Management, Communication, Interpersonal, Written, Lifting, Bending, Transporting, Teamwork, Medical, Pharmacy, Dental, Vision, Employee Assistance Program, Paid Time Off, Retirement Plans, Employee Stock Purchase Program",9
"Communication skills, Motivating attitude, Technical skills, Flexibility, Organization, Goaloriented, Hair cutting license, Cosmetology license, Barber license, Manager training, Incentives, Recognition, Customer base, Ongoing training",9
"Customer service, Communication skills, Ability to work at heights, Ability to lift heavy objects, Valid driver's license, Ability to travel, Aptitude to build rapport, Ability to work in all weather conditions",9
No technical skills frameworks languages softwares concepts or requirements were found in the given job posting.,9
"Meat searing, Meat seasoning, Meat cooking, Sanitation, Teamwork, Flexible work schedules, Tuition reimbursement, Competitive wages, Weekly pay, Paid vacation, Annual holiday bonus, Medical dental and vision plans, Shortterm disability, Life accidental and critical illness insurance, Identity theft protection, Employee assistance program, Employee food and corporate discounts, Opportunity for advancement",9
Application,9
"Emergency Room Nurse, BLS, Color Vision Mandatory Exam, Core Mandatory Part I, Core Mandatory Part II (Nursing), Core Mandatory Part III, ED RN A, Preventing Medication Errors, RN Pharmacology, RN State License",9
"Physician, Family Practice, Healthcare, Physician Assistant, Job Search, Email Alerts, Professional Profile, CV, Credentials, Medical Information, Confidentiality, Career Matching Support",9
"Retail experience, Management experience, Merchandising, Inventory control, Standing, Walking, Climbing ladders, Lifting",9
"Music teaching, Criminal background check, Volunteer opportunity",8
"Teamwork, Guestfirst attitude, Restaurant experience, Passion for food and fun, Fastpaced environment",8
CT Technologist,8
"Physician, Emergency Medicine",8
"Registered Nurse, Intensive Care Unit",8
"Physician, Family Practice, Healthcare, Job Search, Professional Profile, Confidentiality, Career Matching",8
"Caregiving, Communication, Personal Care, Companionship, Activities of Daily Living (ADLs)",8
ParaProfessional/Aides/Assistants,8
"Physician, Internal Medicine, Healthcare, Job Search, Email Alerts, Professional Profile, CV, Credentials, Medical Information, Confidentiality, Career Matching Support",8
No technical skills frameworks languages softwares concepts or requirements were found in the provided text.,8
"Physician, Family Practice, Healthcare",8
"Customer service, Communication, Math, Literacy, High school diploma",8
"Instructional Specialist, Curriculum Specialist, Literacy Coach, Instructional Coach, School Orientation and Mobility Specialist, Speech Language Pathologist, JazzHR",8
"Rapport building, Working at heights, Lifting heavy objects, Driver's license, Travel",8
"Physician, Family Practice, Healthcare, Job Search, Email Alerts, Professional Profile, CV, Credentials, Medical Professional Information, Confidentiality, Career Matching Support",8
"Communication skills, Motivating attitude, Technical skills, Flexible, Organized, Goaldriven, Cosmetology license, Barber license",8
Service Advisor,8
"Retail, Management, Communication, Interpersonal, Written, Lifting, Bending, Transporting, Teamwork, Health and welfare programs, Employee Assistance Program, Paid Time Off, Retirement Plans, Employee Stock Purchase Program",8
"Nursing, Elderly Care, NMC PIN",8
"Front Counter, DriveThru, Outside Order Taker, Runner, Dining Room Attendant, Drinks, Make Up Table, Prep, Grill, Fry, Porter, Coaching, High school diploma, GED, Restaurant leadership experience, Food Handlers Certification",8
"Registered Nurse, Licensed Practical Nurse, Licensed Vocational Nurse, Surgical Technician, Speech Language Pathologist, Speech Language Pathology Assistants, Physical Therapist, Physical Therapy Assistant, Occupational Therapist, Certified Occupational Therapy Assistant, Psychologist, Board Certified Behavior Analyst, Licensed Marriage and Family Therapist",8
"Restaurant management, Hospitality, Customer service",8
"Leadership, Training, Coaching, Development, Customer service, Merchandising, Product knowledge, Operational knowledge, Building Materials, Decor, Electrical, Flooring, Gardening, Hardware, Kitchen & Bath, Lumber, Millwork, Paint, Plumbing, Pro Account Sales, Tool Rental, Front End, Freight, Receiving, Associate Support, Special Services, Merchandising Execution",8
"Retail experience, Management experience, Communication skills, Interpersonal skills, Written skills, Lifting, Bending, Transporting merchandise, Team environment, Health and welfare programs, Employee Assistance Program, Paid Time Off, Retirement Plans, Employee Stock Purchase Program",8
"Food Safety, Internal Communication, Inventory Management, Daily Maintenance and Cleanliness, Managing Crew, Quality Food Production, Exceptional Customer Service, Safety and Security, Scheduling, Training, Leadership, Retail, Hospitality",8
"Physician, Family Practice, Healthcare, Job Search, CV, Credentials, Medical Information, Confidentiality, Career Matching",8
Healthcare,8
"Physician, Family Practice, Healthcare, Physician Assistant, Job Search, Email Alerts, Professional Profile, CV, Credentials, Medical Information, Confidentiality, Career Matching",7
Communication skills,7
"Flexible schedules, Free Employee Meal, Weekly pay, Anniversary pay, Paid Sick Leave, Paid Family and Medical Leave, Medical/dental insurance, Ongoing training, Discounts, 401(k) savings plan, Management career advancement opportunities",7
"Customer service, Leadership, Communication, Teamwork, Inventory management, Basic math skills",7
"Customer Service, Sales, Communication, Teamwork, Problem Solving, Retail Experience, Cashiering Experience, High School Diploma",7
"Registered Nurse (RN), Intensive Care Unit (ICU)",7
"Customer service, Cash register operation, Merchandising, Cleaning, Planogram implementation, Store management, Communication, Safety, Mathematical calculations, Cash handling, Driving, High school diploma, Supervisory experience, Walking, Standing, Bending, Stooping, Kneeling, Lifting, Climbing, Fastpaced environment, Noise, Weather conditions, Driving, Transportation",7
"Meat searing, Meat seasoning, Meat cooking, Sanitation guidelines, Equipment knowledge, Teamwork, Flexible work schedules, Tuition reimbursement, Competitive wages, Weekly pay, Paid vacation, Annual holiday bonus, Medical dental and vision plans, Shortterm disability, Life accidental and critical illness insurance, Identity theft protection, Employee assistance program, Employee food and corporate discounts, Opportunity for advancement",7
English,7
"Leadership, Training, Coaching, Development, Customer service, Merchandising, Operational knowledge, Product knowledge",7
"Meat searing, Meat seasoning, Meat cooking, Sanitation guidelines, Equipment operation, Teamwork, Flexible work schedules, Tuition reimbursement, Competitive wages, Weekly pay, Paid vacation, Annual holiday bonus, Medical dental and vision plans, Shortterm disability, Life accidental and critical illness insurance, Identity theft protection, Employee assistance program, Employee food and corporate discounts, Opportunity for advancement",7
"School Recruitment, HR, Talent Management, JazzHR",7
"Physician, Urology",7
Dentistry,7
"Social Work Qualification, Social Work England registered, Understanding of relevant legislation, Continual professional development",7
"Surgical Technologist, Registered Nurse, Travel Nursing",7
"Radiology, Interventional",7
"Curriculum Specialist, Literacy Coach, Instructional Coach, School Orientation and Mobility Specialist, Speech Language Pathologist, JazzHR",7
"Social Work Qualification, Understanding of relevant legislation, Registered or eligible for registration",7
"Communication skills, Motivation, Technical skills, Flexibility, Organization, Goal achievement, Cosmetology license, Barber license",7
"Leadership, Training, Coaching, Development, Customer Service, Merchandising, Product Knowledge, Operational Knowledge, Problem Solving, Decision Making, Communication, Teamwork",7
"Physician, PsychiatricMental Health, Healthcare",7
"Communication skills, Motivation, Technical skills, Flexibility, Organization, Goal achievement, Cosmetology license, Barber license, Manager training, Incentives, Recognition, Customer base, Ongoing training",7
"HCPC, NHS, 1 year experience",7
"Physician, Internal Medicine",7
"Front Counter, DriveThru, Order Taker, Runner, Dining Room Attendant, Drinks, Make Up Table, Prep, Grill, Fry, Porter, Coaching, High school diploma/GED, Restaurant leadership experience, Food Handlers Certification",7
"UK Registered Nurse, Personcentered care",7
"Rapport building, Working at heights, Lifting heavy objects, Valid driver's license, Travel",7
"Communication skills, Motivating attitude, Technical skills, Flexibility, Organization, Goaldriven, Cosmetology license, Barber license",7
The context does not mention anything about technical skills frameworks languages softwares concepts and requirements so I cannot extract the requested data from the provided context.,7
"Restaurant Management, Staff Management, Hospitality, Customer Service",7
"Front Counter, Dining Room Attendant, Coaching, Recruitment, Health & Safety Compliance, Inventory Management, Budgeting, Financial Management, High school diploma/GED, Restaurant leadership experience, Food Handlers Certification, Food Safety Certification",7
"Act 24 Arrest/Conviction Certification, Act 34 Criminal Clearance, Act 151 Child Line Clearance, Act 114 FBI Fingerprinting Security Clearances, Act 168 Sexual Misconduct/Abuse Disclosure Release, SafeSchools Training",7
"Food Safety, Internal Communication, Inventory Management, Daily Maintenance, Cleanliness, Managing Crew, Quality Food Production, Exceptional Customer Service, Safety and Security, Scheduling, Training, Leadership, Restaurant, Retail, Hospitality",7
Teamwork,6
"Physician Assistant, Family Practice, Primary Care",6
"HCPC, NHS experience, 1 year experience, CPD Assistance, Ongoing PDP, Mandatory Training Arrangements, NHS Approved Service, UK employment opportunities, Dedicated Consultant, Contactable 24 hours per day 365 days per year, Expert payroll team, Efficient dedicated compliance service",6
Food Service,6
"Janitorial services, Handyman services, Maintenance, VolunteerMatch, LinkedIn for Good",6
"Leadership, Training, Coaching, Development, Customer Service, Merchandising, Decision Making, Product Knowledge, Operational Knowledge, Building Materials, Decor, Electrical, Flooring, Gardening, Hardware, Kitchen & Bath, Lumber, Millwork, Paint, Plumbing, Pro Account Sales, Tool Rental, Front End, Freight, Receiving, Associate Support, Special Services, Merchandising Execution",6
"Physician, Anesthesiology, Healthcare",6
"Windows Server, Active Directory, SQL Server, Office 365, Azure, Citrix, Splunk, Exchange, Windows Containers, HyperV, Automation tools, Scripting, Programming, Troubleshooting, Customer service, U.S. work eligibility, COVID19 vaccination",6
"Front of House, Guest seating, Greeting, Reception, Reservation, Customer service",6
"Registered Nurse, Surgical Technologist, Certified Surgical Technologist",6
"Front Counter, DriveThru, Outside Order Taker, Runner, Dining Room Attendant, Drinks, Make Up Table, Prep, Grill, Fry, Porter, Coaching, High school diploma/GED or equivalent work experience, Restaurant leadership experience, Food Handlers Certification",6
Microsoft Office,6
"Communication skills, Motivating attitude, Technical skills, Flexible, Organized, Goaloriented, Cosmetology license, Barber license, Manager training, Incentives, Recognition, Customer base, Ongoing training",6
"Communication skills, Ability to work at heights, Ability to lift heavy objects, Valid driver's license, Ability to travel, Aptitude to build rapport quickly",6
"Healthcare, Staffing, Customer service, Equal opportunity employer",6
"Healthcare, Medical",6
Athletic Director,6
"Physician, Cardiology",6
"Retail, Management, Communication, Interpersonal skills, Written skills, Lifting, Bending, Transporting merchandise, Team environment",6
"Customer service, Communication skills, Ability to work at heights, Ability to lift heavy objects, Valid driver's license, Ability to travel, Aptitude to build rapport",6
"Product procurement, Leadership, Communication, Customer service, Culinary/food and beverage industry experience, Team education, Troubleshooting, Excel, Access, Relocation to Madison WI, US work authorization, COVID19 Vaccination",6
"CRNS, BCLS, ACLS, PEDS ACLS, TNCC",6
"Customer service, Retail technology, Sales experience, Retail experience, Bilingual skills, Trade certification",6
"Physician, Surgery, General",6
"Front Counter, DriveThru, Outside Order Taker, Runner, Dining Room Attendant, Drinks, Make Up Table, Prep, Grill, Fry, Porter, Coaching, Food Handlers Certification",6
"Physician, Psychiatry, Mental Health",6
"Front Counter, DriveThru, Outside Order Taker, Runner, Dining Room Attendant, Drinks, Make Up Table, Prep, Grill, Fry, Porter, Coaching, High School Diploma/GED, 1+ Years of Restaurant Leadership Experience, Food Handlers Certification",6
High School Diploma,6
"Customer service, Communication, Problemsolving, Ability to work at heights, Ability to lift heavy objects, Valid driver's license, Ability to travel, Aptitude to build rapport quickly",6
"Pediatrician, BC/BE",6
"Physical Therapist, Therapy, Travel",6
"Physician Assistant, Family Practice, Primary Care, Healthcare",6
"Communication skills, Motivating attitude, Technical skills, Flexible, Organized, Goaloriented, Hair cutting license, Cosmetology license, Barber license, Manager training, Incentives, Recognition, Customer base, Ongoing training",6
"Physician Assistant, Family Practice, Primary Care, Healthcare, Job Search, Email Alerts, Professional Profile, CV, Credentials, Medical Professional Information, Confidentiality, Career Matching Support",6
"Product Management, Software Development, Hardware Development, Sequoia Capital, Lightspeed Ventures, Tiger Global Management, A16Z, Accel, DFJ",6
"Front Counter, DriveThru, Outside Order Taker, Runner, Dining Room Attendant, Drinks, Make Up Table, Prep, Grill, Fry, Porter, Coaching, High school diploma/GED, Food Handlers Certification, Restaurant leadership experience",6
"Windows Server, Active Directory, SQL Server, Office 365, Azure, Citrix, Splunk, Exchange, Windows Containers, HyperV, Automation tools, Scripting, Programming, Troubleshooting, Customer service, Prometheus, SentryOne",6
"Radiology, Rad Tech",6
Management,6
"Retail, Management, Communication, Interpersonal, Written, Lifting, Bending, Transporting, Teamwork",6
"Meat searing, Meat seasoning, Meat cooking, Sanitation guidelines, Teamwork, Flexible work schedules, Tuition reimbursement, Competitive wages, Weekly pay, Paid vacation, Annual holiday bonus, Medical dental and vision plans, Shortterm disability, Life accidental and critical illness insurance, Identity theft protection, Employee assistance program, Employee food and corporate discounts, Opportunity for advancement, Equal opportunity employer",6
"Retail operations, Customer service, Calculator, Computer, Teamwork, Communication, Flexible schedule, Background check",6
"Customer service, Cashiering, Sales, Communication, Teamwork, Problemsolving, Retail experience, High school diploma",6
Hopkins,6
"Communication skills, Motivating attitude, Technical skills, Flexibility, Organization, Goal achievement, Cosmetology license, Barber license",6
"Communication skills, Motivating attitude, Technical skills, Flexible, Organized, Goaloriented, Cosmetology license, Barber license",6
"Retail, Management, Communication, Interpersonal skills, Written skills, Lifting, Bending, Transporting, Team environment",6
"Customer service, Supervision, Team environment, Training, Decisionmaking, Goal achievement, Computer proficiency, Flexible schedule",6
"Communication, Ethics & Integrity, Teamwork, Customer Focus, Relationship Building, Interpersonal, Listening, Adaptability & Flexibility",6
"Physician, Family Practice, Healthcare, Job Search, Email Alerts, Professional Profile, CV, Credentials, Medical Information, Confidentiality, Career Matching, Dream Job",6
"Customer service, Healthcare staffing, Per Diem, Travel Contracts",6
"Customer service, Communication, Mathematical skills, Literacy, High school diploma",6
"Building rapport, Working at heights, Lifting heavy objects, Valid driver's license, Travel",6
North Carolina Professional Educator's License,6
"Communication skills, Motivating attitude, Technical skills, Flexible, Organized, Driven, Hair cutting license, Cosmetology license, Barber license, Manager training, Incentives, Recognition, Customer base, Ongoing training",6
"Physician, Family Practice, Healthcare, Job Search, Email Alerts, Professional Profile, CV, Credentials, Medical Information, Confidentiality, Career Matching, Unique Preferences",6
"Physician, Family Practice, Healthcare, Job Search, Email Alerts, Professional Profile, CV, Credentials, Medical Information, Confidentiality, Career Matching, Physician Assistant",6
Computer skills,6
RN,6
SchoolBased Specialist,6
"Customer service, Supervisory, Team environment, Training, Decision making, Goal achievement, Computer proficiency, Flexible schedule",6
"Retail experience, Management experience, Standing, Walking, Climbing ladders, Lifting",6
"Food Safety, Internal Communication, Inventory Management, Daily Maintenance, Cleanliness, Managing Crew, Quality Food Production, Exceptional Customer Service, Safety, Security, Scheduling, Training, Leadership, Restaurant, Retail, Hospitality",6
I am unable to extract the requested data as the context does not contain any relevant information.,6
"Obstetrics, Gynecology",6
Chef,6
Counseling,6
"Team Member App, Shift Meals, Anniversary Pay, Home for the Holidays, Discounts",6
"Leadership, Training, Coaching, Development, Customer service, Merchandising, Product knowledge, Operational knowledge, Building materials, Decor, Electrical, Flooring, Gardening, Hardware, Kitchen & Bath, Lumber, Millwork, Paint, Plumbing, Pro Account Sales, Tool Rental, Front End, Freight, Receiving, Associate Support, Special Services, Merchandising Execution",6
"CNA License, BLS/CPR Card",6
AidQuest,6
"Flexible schedules, Free employee meal, Weekly pay, Anniversary pay, Paid sick leave, Paid family and medical leave, Medical/dental insurance, Ongoing training, Discounts on cellphones travel electronics, 401(k) savings plan, Management career advancement opportunities",5
"Healthcare staffing, Customer service, Healthcare, Per Diem, Travel Contracts",5
"Physical Therapy, Electronic Medical Record, Cliniconnects, Smartphone, Bilingual",5
"Customer service, Retail, Sales, Communication, Teamwork, Problemsolving, High school diploma",5
"Physician, Family Practice, Healthcare, Job Search, Email Alerts, Professional Profile, CV, Credentials, Confidentiality, Career Matching Support",5
The context does not mention anything about technical skills frameworks languages softwares concepts and requirements.,5
"Communication skills, Motivating attitude, Technical skills, Flexible, Organized, Driven, Cosmetology license, Barber license",5
"Nursing, UK Registered Nurse, Personcentered care, Day/night shifts, Full/part time hours",5
"Physical Therapist Assistant, PRN, Tennessee Physical Therapy license, Physical Therapist Assistant Degree",5
"HVAC, Service Technician",5
COVID19 Vaccination,5
"Communication skills, Teamwork, Adaptability, Healthy and safe environment",5
No technical skills frameworks languages softwares concepts or requirements found in the provided text.,5
"Communication skills, Motivating attitude, Technical skills, Flexible, Organized, Goaldriven, Licensed to cut hair, Cosmetology license, Barber license, Manager training, Incentives, Recognition, Customer base, Ongoing training",5
"Physician Assistant, Physiatry, Physical Medicine, Rehabilitation",5
"Cerner, EMR",5
This context does not mention anything about technical skills frameworks languages softwares concepts and requirements so the requested data could not be extracted.,5
"Food Safety, Internal Communication, Inventory Management, Daily Maintenance and Cleanliness, Crew Management, Quality Food Production, Exceptional Customer Service, Safety and Security, Scheduling, Training, Leadership",5
Cooking,5
"Front Counter, DriveThru, Outside Order Taker, Runner, Dining Room Attendant, Drinks, Make Up Table, Prep, Grill, Fry, Porter, Coaching, Restaurant Leadership, Food Handlers Certification",5
"Coaching Endorsement, Valid Iowa Coaching Authorization",5
No technical skills frameworks languages softwares concepts or requirements were found in the given context.,5
"Communication skills, Motivating attitude, Technical skills, Flexibility, Organization, Drive, Cosmetology license, Barber license, Manager training, Incentives, Recognition, Customer base, Ongoing training",5
"Leadership, Training, Coaching, Development, Customer service, Merchandising, Product knowledge, Operational knowledge, Store management, Operations management, Building materials, Decor, Electrical, Flooring, Gardening, Hardware, Kitchen & Bath, Lumber, Millwork, Paint, Plumbing, Pro Account Sales, Tool Rental, Front End, Freight, Receiving, Associate Support, Special Services, Merchandising Execution",5
Cleaning,5
"Customer service, Sales, Unit rentals, Unit insurance, Moving supplies, Facility maintenance, Computer skills, Driver's license, High school diploma or GED",5
"PCR, GMP, ELISA, Assay, Molecular biology, PCR method validation, Assay development",5
Sales,5
"Customer service, Retail technology, Sales experience, Retail experience, Bilingual skills, Certification in trade related to department",5
"Retail experience, Management experience, Communication skills, Interpersonal skills, Written skills, Lifting and transporting merchandise, Teamwork, Health and welfare programs, Employee Assistance Program, Paid Time Off, Retirement Plans, Employee Stock Purchase Program",5
"Leadership, Training, Coaching, Development, Customer Service, Merchandising, Product Knowledge, Operational Knowledge, Communication, Decision Making, Problem Solving",5
JazzHR,5
"Retail, Customer service, Communication, Teamwork, Problemsolving, Sales, Cashiering, High school diploma",5
"Communication skills, Computer skills, Time management skills, Investigative skills, Analytical skills, Flexibility, Retail experience, Security experience",5
"Communication skills, Motivation, Technical skills, Flexibility, Organization, Goal orientation, Hair cutting license, Cosmetology license, Barber license, Manager training, Incentives, Recognition, Customer base, Ongoing training",5
Electronic Medical Record Systems,5
"Janitorial services, Handyman services, Maintenance",5
"BLS, ACLS, NIHSS stroke scale certification, Telemetry RN, RN, Health Insurance, Dental, Vision, Flexible Housing Options, Guaranteed Stipend, JACHO Certified, Prestigious Facilities, PTO Program, Weekly Pay, Paid Compliance Cost, Referral Bonuses, Extra Shift Bonuses, 401(k) Plan",5
"Team Member App, Shift Meals, Anniversary Pay, Holiday Closures, Employee Discounts",5
I am unable to extract the requested data as there is no job posting provided.,5
"Healthcare staffing, Customer service, Per diem, Travel contracts, Equal opportunity employer",5
"Communication skills, Motivation, Technical skills, Flexibility, Organization, Goaldriven, Cosmetology license, Barber license",5
"Retail, Management, Communication, Interpersonal skills, Written skills, Lifting, Bending, Transporting merchandise, Team environment, Health and welfare programs, Employee Assistance Program, Paid Time Off, Retirement Plans, Employee Stock Purchase Program",5
"Physician, PsychiatricMental Health, Healthcare, Job Search, Email Alerts, Professional Profile, CV, Credentials, Medical Professional Information, Confidentiality, Career Matching Support",5
"data representation, data analysis, SQL, data analytics, analytics, python (programming language), data mining, data science, r (programming language), tableau, analytical skills, data visualization, databases, business analysis, business intelligence (bi), microsoft sql server, machine learning, statistics, microsoft power bi, java, finance, shopee, traveloka, google, facebook, ctrip, trip.com, makemytrip, grab, amazon, pandas (software), artificial intelligence (ai), information technology, capital one, accenture, upwork, deloitte, mckinsey, bain, microsoft, uber, lyft, gojek, lazada, alibaba, shopify, expedia, skyscanner",5
"Customer service skills, Communication skills, Basic math skills, Literacy skills, High school diploma",5
"Communication skills, Motivating attitude, Technical skills, Flexible, Organized, Driven, Licensed to cut hair, Cosmetology license, Barber license, Manager training, Incentives, Recognition, Customer base, Ongoing training",5
"Physician, Anesthesiology, Healthcare, Job Search, Email Alerts, Professional Profile, CV, Credentials, Medical Information, Confidentiality, Career Matching",5
"Communication skills, Motivation, Technical skills, Flexibility, Organization, Goaloriented, Cosmetology license, Barber license, Management training, Incentives, Recognition, Customer base, Ongoing training",5
"Customer service, Cash register operation, Merchandising, Cleaning, Planogram implementation, Store management, Communication, Safety, Planogram reading, Mathematical calculations, Cash handling, Banking, High school diploma, Supervisory experience, Walking, Standing, Bending, Stooping, Kneeling, Lifting, Climbing, Fastpaced environment, Noise, Weather conditions, Driving",5
"Physician, Hematology, Oncology, Healthcare",5
"Registered Nurse, Surgical Technologist, Travel Nursing",5
"Leadership, Training, Coaching, Development, Customer Service, Merchandising, Operational Knowledge, Product Knowledge, Building Materials, Decor, Electrical, Flooring, Gardening, Hardware, Kitchen & Bath, Lumber, Millwork, Paint, Plumbing, Pro Account Sales, Tool Rental, Front End, Freight, Receiving, Associate Support, Special Services, Merchandising Execution",5
This context does not mention anything about technical skills frameworks languages softwares concepts or requirements so I cannot extract the requested data from the provided context.,5
"Food Safety, Communication, Inventory Management, Maintenance, Crew Management, Food Production, Customer Service, Safety, Scheduling, Training, Leadership",5
"Physician, Internal Medicine, Healthcare, Job Search, Email Alerts, Professional Profile, CV, Credentials, Medical Professional Information, Confidentiality, Career Matching Support",5
"Backend engineering, Fullstack engineering, Infrastructure engineering, Platform engineering, Site reliability engineering, Engineering management, Data engineering, Machine learning engineering, Principal software engineering",5
"Surgical Technologist, Registered Nurse",5
"Physical Therapist Assistant, Physical Therapy",5
"Physician, Internal Medicine, Healthcare, Physician Assistant, Job Search, Email Alerts, Professional Profile, CV, Credentials, Medical Professional Information, Confidentiality, Career Matching Support",5
"Guest experience, Food preparation, Customer service",5
Equal opportunity employer,5
"Physician, PsychiatricMental Health, Healthcare, Job Search, Email Alerts, Professional Profile, CV, Credentials, Medical Information, Confidentiality, Career Matching Support",5
"Cardiac Cath Lab (CCL), Cath Lab Technologist",5
"Physician, Internal Medicine, Healthcare, Job Search, Email Alerts, CV, Credentials, Medical Professional Information, Confidentiality, Career Matching Support",5
"PA Background Check, Child Abuse Clearance, FBI Fingerprinting, School Personnel Health Record, Physical Examination, Tuberculin Testing",5
"Registered Nurse, Surgical, Travel Nursing, Pay, Insurance Coverage, Private Housing, Utilities, Travel Reimbursement, Licensing Reimbursement, Certification Reimbursement",5
"Retail experience, Management experience, Communication skills, Interpersonal skills, Written skills, Lifting heavy objects, Teamwork, Health and welfare programs, Employee Assistance Program, Paid Time Off, Retirement Plans, Employee Stock Purchase Program",5
Healthcare staffing,5
"Physician, Obstetrics, Gynecology, Healthcare, Medical",5
"Diploma in Early Childhood, Early Years Learning Framework, National Quality Standards, Working with Children Check",5
"Cath Lab Technologist, Cardiac Cath Lab (CCL)",5
"Leadership, Training, Coaching, Development, Customer Service, Merchandising, Product Knowledge, Operational Knowledge, Decision Making, Problem Solving, Communication, Teamwork",5
"Retail or Hospitality leadership, Passion for exceeding guest expectations, High level of energy and sense of urgency, Integrity and excellent communication skills, Exceptional organizational & time management skills, Strong verbal & written communication skills, Proven ability to adapt and learn quickly, National Police check",5
"Meat searing, Meat seasoning, Meat cooking, Sanitation guidelines, Teamwork, Flexible work schedules, Discounts, Friendly competitions, Recognition, Formal training, Career growth opportunities, Tuition reimbursement, Competitive wages, Weekly pay, Paid vacation, Annual holiday bonus, Medical dental and vision plans, Shortterm disability, Life accidental and critical illness insurance, Identity theft protection, Employee assistance program, Employee food and corporate discounts, Opportunity for advancement",5
"Communication skills, Motivating attitude, Technical skills, Flexible, Organized, Goaldriven, Hair cutting license, Cosmetology license, Barber license, Manager training, Incentives, Recognition, Customer base, Ongoing training",5
"BLS, Color Vision Mandatory Exam, Core Mandatory Part I, Core Mandatory Part II (Nursing), Core Mandatory Part III, ED RN A, Preventing Medication Errors, RN Pharmacology, RN State License",5
"Retail experience, Management experience, Communication skills, Interpersonal skills, Written skills, Lifting, Bending, Transporting, Teamwork, Health and welfare programs, Employee Assistance Program, Paid Time Off, Retirement Plans, Employee Stock Purchase Program",5
"Volunteer opportunity, VolunteerMatch, LinkedIn for Good",5
"Retail or Hospitality leadership, Passion for exceeding guest expectations, High level of energy and sense of urgency, Integrity and excellent communication skills, Exceptional organisational & time management skills, Strong verbal & written communication skills, Proven ability to adapt and learn quickly, National Police check",5
"MBBS, AHPRA registration, FRACGP, Medical Indemnity Insurance",5
"Retail experience, Management experience, Merchandising, Inventory control, Company policies and procedures, Physical demands, Standing, Walking, Climbing ladders, Lifting",5
"Retail experience, Leadership, Communication skills",5
"LPN License, BLS/CPR Certification",5
PERA Retirement,5
Pediatrics,5
"MBBS, AHPRA registration, FRACGP, Team player",5
"Physician, Gastroenterology, Healthcare",5
"Food Safety, Internal Communication, Inventory Management, Daily Maintenance and Cleanliness, Crew Management, Quality Food Production, Exceptional Customer Service, Safety and Security, Scheduling, Training",5
"Communication skills, Motivation, Technical skills, Flexibility, Organization, Goal orientation, Cosmetology license, Barber license, Manager training, Incentives, Recognition, Customer base, Ongoing training",5
"Communication, Collaboration, Solution Oriented, People Centric, Relevant, Initiative, Deliver, Evolve",5
"Customer service, Cash register operation, Merchandising, Cleaning, Planogram implementation, Store management, Communication, Safety, Planogram reading, Mathematical calculations, Cash handling, Driving, High school diploma, Supervisory experience, Walking, Standing, Bending, Stooping, Kneeling, Lifting, Climbing, Fastpaced environment, Noise, Weather exposure, Driving",5
"Leadership, Training, Coaching, Development, Customer service, Merchandising, Product knowledge, Operational knowledge, Store management, Operations management",5
Athletic Coaching,5
"Meat searing, Meat seasoning, Meat cooking, Sanitation guidelines, Equipment understanding, Teamwork, Flexible work schedules, Discounts, Friendly competitions, Recognition, Formal training, Career growth opportunities, Tuition reimbursement, Competitive wages, Weekly pay, Paid vacation, Annual holiday bonus, Medical dental and vision plans, Shortterm disability, Life accidental and critical illness insurance, Identity theft protection, Employee assistance program, Employee food and corporate discounts, Opportunity for advancement",5
"Customer service, Cash register operation, Merchandising, Cleaning, Planogram implementation, Store management, Communication, Safety, Mathematical calculations, Cash handling, Vehicle driving, High school diploma, Supervisory experience",5
Health Advocates Network,5
"Leadership, Food Safety, Internal Communication, Inventory Management, Daily Maintenance and Cleanliness, Managing Crew, Quality Food Production, Exceptional Customer Service, Safety and Security, Scheduling, Training",5
"Nursing, Healthcare",5
"Medicine, Doctor of Medicine, Doctor of Osteopathic Medicine, Residency, Board Certified, Board Eligible, Medical Staff Privileges, South Carolina Medical License, South Carolina Controlled Substance License, Drug Enforcement Agency Number, Basic Computer Skills, Office Equipment Knowledge, Mathematical Skills, Specialty Specific Skills",5
"Retail management, Hardlines or variety merchandise, BIG BOX experience, Productivity management, Freight processing, Communication, Interpersonal skills, Written skills, Team environment, Health and welfare programs, Employee Assistance Program, Paid Time Off, Retirement Plans, Employee Stock Purchase Program",5
"CT Technologist, Radiology Tech, Allied Health Professional",5
The context does not mention anything about technical skills frameworks languages softwares concepts or requirements so I cannot extract the requested data from the provided context.,5
"Registered Nurse, EmergencyER, BLS, ACLS, PALS, TNCC, NIH, TravelContract Nursing",5
Manager,5
"Communication skills, Customer service, Ability to work at heights, Ability to lift heavy objects, Valid driver's license, Ability to travel",5
"Nursing, UK Registered Nurse",5
"Supervisory Experience, High School Education, Desire to Learn, Valid Driver's License",5
"Salary negotiation, Contract negotiation, Interview coordination, License assistance, Career preference matching, Support team",5
"Customer service, Communication, Teamwork, Problemsolving, Sales, Cashiering, Retail experience, High school diploma",5
"Registered Nurse, Certified Registered Nurse Anesthetists",5
"Physician, Urology, Healthcare, Job Search, Email Alerts, Professional Profile, CV, Credentials, Medical Information, Confidentiality, Career Matching",5
"Restaurant operations management, Staff management, Hospitality, Guest satisfaction",4
"Physician, Hematology, Oncology",4
"Customer service, Communication, Teamwork, Problemsolving, Retail experience, Cashiering experience, High school diploma",4
"Physician, Obstetrics, Gynecology, Healthcare, Physician Assistant, Job Search, Email Alerts, Professional Profile, CV, Credentials, Medical Professional Information, Confidentiality, Career Matching Support",4
"Customer service, Retail, Cashiering, Sales, Communication, Teamwork, Problem solving, High school diploma",4
"Meat searing, Meat seasoning, Meat cooking, Sanitation guidelines, Equipment understanding, Prep Sheets, Teamwork, Flexible work schedules, Tuition reimbursement, Competitive wages, Weekly pay, Paid vacation, Annual holiday bonus, Medical dental and vision plans, Shortterm disability, Life accidental and critical illness insurance, Identity theft protection, Employee assistance program, Employee food and corporate discounts, Opportunity for advancement",4
"Customer service, Guest seating, Greeting, Reception, Reservation duties",4
Cook,4
EEO guidelines,4
"Guest seating, Greeting, Reception, Reservations, Customer service, Tipped role, Base pay, Tips",4
"Music teaching, Criminal background check, VolunteerMatch, LinkedIn for Good",4
"Meat searing, Meat seasoning, Meat cooking, Sanitation guidelines, Equipment understanding, Prep Sheets, Teamwork, Flexible work schedules, Discounts, Friendly competitions, Recognition, Formal training, Career growth opportunities, Tuition reimbursement, Competitive wages, Weekly pay, Paid vacation, Annual holiday bonus, Medical plans, Dental plans, Vision plans, Shortterm disability, Life insurance, Accidental insurance, Critical illness insurance, Identity theft protection, Employee assistance program, Employee food discounts, Corporate discounts, Opportunity for advancement, Equal opportunity employer",4
"Retail experience, Management experience, Customer service, Sales, Profitability, Staff development, Expense control, Shrinkage control, Merchandising, Inventory control, Company policies and procedures, Physical demands, Standing, Walking, Climbing ladders, Lifting",4
"Nursing, Caregiving, NMC PIN, Registered Nurse, Senior Nurse, Clinical Lead, Home Manager",4
Leadership,4
"Registered Nurse (RN), Medical/Surgical (M/S)",4
"Medical, Dental, Life, Long Term/Short Term, Malpractice, 401k",4
"Radiologic Technology, CT Scanning, BLS, Computerized Tomography (CT) Imaging Certification, CT National Registration, ARRT Registry, Diagnostic Procedures, Clinical Diagnostic Images",4
"Nursing, Case Management, Medical/Dental/Vision, 401(k), Sick Leave, Weekly Payroll",4
"Leadership, Training, Coaching, Development, Customer Service, Merchandising, Product Knowledge, Operational Knowledge, Store Management, Operations Team",4
"Retail Experience, Management Experience, Communication Skills, Interpersonal Skills, Written Skills, Ability to Lift Heavy Objects, Ability to Work in a Team Environment, Health and Welfare Programs, Employee Assistance Program, Paid Time Off, Retirement Plans, Employee Stock Purchase Program",4
"Customer service, Ladder climbing, Heavy lifting, Valid driver's license, Travel",4
"Customer service, Communication, Teamwork, Problemsolving, Quick thinking, Customer service experience, Motivation, Willingness to learn",4
Flexible Working,4
"Customer service, Leadership, Inventory management, Communication, Math skills, Retail, Merchandising, Finance",4
"Physician, Obstetrics & Gynecology",4
"Leadership, Training, Coaching, Development, Customer Service, Merchandising, Product Knowledge, Operational Knowledge, Front End, Freight, Receiving, Associate Support, Special Services, Merchandising Execution",4
"Food Safety, Internal Communication, Inventory Management, Daily Maintenance, Cleanliness, Crew Management, Quality Food Production, Exceptional Customer Service, Safety, Security, Scheduling, Training, Leadership",4
"Retail, Management, Communication, Interpersonal skills, Written skills, Lifting, Bending, Transporting merchandise, Teamwork, Health and welfare programs, Employee Assistance Program, Paid Time Off, Retirement Plans, Employee Stock Purchase Program",4
"Retail management, Hardlines or variety merchandise, Freight processing, Communication, Interpersonal skills, Written skills, Team environment, Medical, Pharmacy, Dental, Vision, Employee Assistance Program, Paid Time Off, Retirement Plans, Employee Stock Purchase Program",4
"Customer Service, Supervisory Experience, Team Environment, Training, Decision Making, Goal Achievement, Computer Proficiency, Flexible Schedule",4
"Certified Surgical Technologist, Allied Health Professional, Medical benefits, Vision benefits, Dental benefits, 401k retirement plan, Weekly pay, Referral bonus",4
"Caregiving, Personal care, Companionship, Activities of Daily Living (ADLs)",4
"Retail or Hospitality leadership experience, Passion for exceeding guest expectations, High level of energy and sense of urgency, Integrity and excellent communication skills, Exceptional organizational & time management skills, Strong verbal & written communication skills, Proven ability to adapt and learn quickly, National Police check",4
"Pet grooming, Salon management, Leadership, Customer service, Interpersonal skills, Organizational skills, Time management, Grooming techniques, Breed standards, Pet care products, Computer systems, Salon management software, Flexibility",4
School Counseling,4
"Healthcare staffing, Customer service, Travel contracts, Per Diem",4
"Retail, Management, Communication, Interpersonal skills, Written skills, Lifting, Bending, Transporting, Teamwork, Health and welfare programs, Employee Assistance Program, Paid Time Off, Retirement Plans, Employee Stock Purchase Program",4
"Communication, Collaboration, Solution Oriented, People Centric, Initiative, Deliver, Evolve",4
"Retail operations, Customer service, Calculator, Computer, Teamwork, Communication, Flexible schedule, Background check, Medical plan, Dental plan, Vision plan, 401(k), Flexible spending accounts, Adoption assistance, Tuition reimbursement",4
"Retail experience, Management experience, Communication skills, Interpersonal skills, Written skills, Ability to lift heavy objects, Team environment, Health and welfare programs, Employee Assistance Program, Paid Time Off, Retirement Plans, Employee Stock Purchase Program",4
"Retail experience, Management experience, Communication skills, Interpersonal skills, Written skills, Ability to lift 50lbs, Ability to work in a team, Health and welfare programs, Employee Assistance Program, Paid Time Off, Retirement Plans, Employee Stock Purchase Program",4
"Customer service, Food handling, Bartender, Server, Cashier, Stocker, Demonstrator, Brand ambassador, Brand advocate, Food safety, Sales, Appliance usage, Standing, Online training, Onthejob training, Retail grocery warehouse environment, Cold refrigerated conditions, Food products, Cleaning chemicals",4
"Leadership, Training, Coaching, Development, Customer service, Merchandising, Operations, Product knowledge, Building Materials, Decor, Electrical, Flooring, Gardening, Hardware, Kitchen & Bath, Lumber, Millwork, Paint, Plumbing, Pro Account Sales, Tool Rental, Front End, Freight, Receiving, Associate Support, Special Services, Merchandising Execution",4
"Food Safety, Internal Communication, Inventory Management, Daily Maintenance, Crew Management, Quality Food Production, Customer Service, Safety, Security, Scheduling, Training, Leadership",4
"Communication skills, Positive attitude, Technical skills, Flexibility, Organizational abilities, Goaloriented, Cosmetology license, Barber license",4
"Registered Nurse, Basic Life Support, Cardiopulmonary Resuscitation, Nursing",4
"Registered Nurse, Surgical",4
"Ultrasound Technologist, Allied Health Professional, Sonography, Echo, Radiology",4
"Nursing, Patient care, Medical advancements, Communication, Attention to detail, NMC registration, UK healthcare experience, Right to work in the UK, UK references",4
"HCPC, Car driving, NHS experience, 1 year experience",4
FastPaced Experience,4
"Python, Bash scripting, Data manipulation, Test scripting, Linux environments, CI/CD Orchestration",4
"Physician, Internal Medicine, Healthcare, Job Search, Email Alerts, Profile Page, CV, Credentials, Medical Professional Information, Confidentiality, Career Matching Support",4
"Physician, Family Practice, OB",4
"Teamwork, Positive attitude, Adaptability, Willingness to learn, Maintaining a healthy and safe environment",4
"Restaurant Management, Hospitality, Customer Service, Food Service",4
"MD or DO degree, Board Certified or Board Eligible in Pediatric Hospital Medicine, Valid state medical license, Excellent communication and interpersonal skills, Ability to work independently and as part of a team, Strong problemsolving and criticalthinking skills, Commitment to providing highquality patient care",4
"Physician, PsychiatricMental Health, Healthcare, Physician Assistant, Job Search, Email Alerts, Professional Profile, CV, Credentials, Medical Professional Information, Confidentiality, Career Matching Support",4
"LPN License, BLS/CPR",4
"Meat searing, Meat seasoning, Meat cooking, Sanitation guidelines, Equipment understanding, Prep Sheets, Teamwork, Flexible work schedules, Discounts, Friendly competitions, Recognition, Formal training, Career growth opportunities, Tuition reimbursement, Competitive wages, Weekly pay, Paid vacation, Annual holiday bonus, Medical dental and vision plans, Shortterm disability, Life accidental and critical illness insurance, Identity theft protection, Employee assistance program, Employee food and corporate discounts, Opportunity for advancement",4
Restaurant Management,4
"Registered Nurse, Licensed Practical Nurse, Licensed Vocational Nurse, Surgical Technician, Speech Language Pathologist, Speech Language Pathology Assistant, Physical Therapist, Physical Therapy Assistant, Occupational Therapist, Certified Occupational Therapy Assistant, Psychologist, Board Certified Behavior Analyst, Licensed Marriage and Family Therapist",4
"Customer service, Leadership, Communication, Teamwork, Planning, Inventory management, Math skills",4
"Compassionate care, Exceptional service",4
Apply,4
EVerify program,4
"Cover Letter, Resume",4
"Caregiving, Personal Care, Companionship, Activities of Daily Living (ADLs)",4
"Leadership, Training, Coaching, Development, Customer service, Merchandising, Product knowledge, Operational knowledge, Problemsolving, Decisionmaking, Communication, Teamwork",4
"Teamwork, Positive attitude, Adaptability, Willingness to learn, Passion for health and safety",4
"data representation, data analysis, SQL, data analytics, analytics, python, data mining, data science, r, tableau, analytical skills, data visualization, databases, business analysis, business intelligence (bi), microsoft sql server, machine learning, statistics, microsoft power bi, java",4
"Physician, Internal Medicine, Healthcare, Job Search, Professional Profile, Confidentiality, Career Matching Support",4
"Cosmetology license, Barber license, Communication skills, Motivation, Technical skills, Flexibility, Organization, Goaloriented, Hair cutting license",4
MS Teacher,4
TPGs Host,4
"Product Management, Software Development, Hardware Engineering, Remote Work, Sequoia Capital, Lightspeed Ventures, Tiger Global Management, A16Z, Accel, DFJ",4
"Case Management, Patient Care, Treatment Planning, Care Coordination, Clinical Outcomes, Patient Satisfaction, CostEffectiveness, Nursing, RN, LPN",4
"Insurance, Health Insurance, Sales, Leads, Quoting Tools, Training Resources",4
"Nursing, BLS  Basic Life Support, CPR  Cardiopulmonary Resuscitation, RN  Registered Nurse",4
Oklahoma Certification,4
"Front Counter, DriveThru, Outside Order Taker, Runner, Dining Room Attendant, Drinks, Make Up Table, Prep, Grill, Fry, Porter, Coaching, Food Handlers Certification, High school diploma/GED or equivalent work experience, 1+ years of restaurant leadership experience",4
"Leadership, Training, Coaching, Development, Customer Service, Merchandising, Operational Knowledge",4
"Meat searing, Meat seasoning, Meat cooking, Sanitation guidelines, Equipment knowledge, Prep Sheets, Teamwork, Flexible work schedules, Discounts, Friendly competitions, Recognition, Formal training, Career growth opportunities, Tuition reimbursement, Competitive wages, Weekly pay, Paid vacation, Annual holiday bonus, Medical dental and vision plans, Shortterm disability, Life accidental and critical illness insurance, Identity theft protection, Employee assistance program, Employee food and corporate discounts, Opportunity for advancement",4
"Food Safety, Internal Communication, Inventory Management, Daily Maintenance and Cleanliness, Managing Crew, Quality Food Production, Exceptional Customer Service, Safety and Security, Scheduling, Training, Leadership experience, Team player, Flexible schedule, Passion for fastpaced environment",4
Radiology,4
"Windows Server, Active Directory, SQL Server, Office 365, Azure, Citrix, Splunk, Exchange, Windows Containers, HyperV, Automation tools, Scripting, Programming, Troubleshooting, Customer service, SentryOne, Prometheus, Monitoring systems",4
"Customer service, Communication, Problemsolving, Ability to work at heights, Ability to lift heavy objects, Valid driver's license, Ability to travel, Aptitude to build rapport, Ability to work in all weather conditions",4
"Physician, Pediatrics, Healthcare, Job Search, Email Alerts, Professional Profile, CV, Credentials, Confidentiality, Career Matching Support",4
"Accounting, Human Resources, Training, Marketing, Sales Building, Cost Controls, Basic Computer Skills, Inventory Management, Bank Deposits, Performance Appraisals, Safe Work Environment",4
"Mental Health Nursing, Registered Mental Health Nurse, NMC Registration",4
"Communication skills, Motivating attitude, Technical skills, Flexibility, Organization, Goaldriven, Hair cutting license, Cosmetology license, Barber license, Management training, Incentives, Recognition, Customer base, Ongoing training",4
"Communication skills, Teamwork, Adaptability, Positive attitude, Passion for maintaining a healthy and safe environment",4
"Supervisory experience, High school education, Desire to learn, Driver's License",4
"Restaurant Management, Operations Execution, Staff Management, Hospitality, Guest Satisfaction",4
"Assistant Principal, Dean, Principal, Head of School, Special Education Case Manager, Special Education Program Administration",4
"Customer service, Food handling, Bartender, Server, Cashier, Stocker, Demonstrator, Brand ambassador, Brand advocate, Food safety, Sales, Appliances, Microwave, Toaster oven, Hot plate, Retail grocery warehouse environment, Cold, Refrigerated conditions, Food products, Cleaning chemicals",4
No technical skills frameworks languages softwares concepts or requirements were found in the context.,4
"Theology, Religious Studies, Roman Catholic Doctrine, Youth Protection Training",4
"Communication skills, Motivation, Technical skills, Flexibility, Organization, Goal orientation, Hair cutting license, Cosmetology license, Barber license, Salon management training, Incentives, Recognition, Customer base, Career growth training",4
"Physician, Family Practice, Healthcare, Job Search, Email Alerts, Professional Profile, CV, Credentials, Medical Information, Confidentiality, Career Matching, Preferences",4
"Childrens/Paediatric Nurse, RGN qualified/NMC registered, Previous UK nursing experience, Paediatric/Children/School Nursing experience",4
"Communication skills, Motivation, Technical skills, Flexibility, Organization, Goal achievement, Cosmetology license, Barber license, Management training, Incentives, Recognition, Customer base, Ongoing training",4
"Nurse, NMC PIN, Registered Nurse, Senior Nurse, Clinical Lead, Home Manager",4
"Radiology Technologist, Allied Health Professional, Medical benefits, Vision benefits, Dental benefits, 401k retirement plan, Weekly pay, Referral bonus",4
No technical skills frameworks languages softwares concepts or requirements found in the provided context.,4
"Food Safety, Internal Communication, Inventory Management, Daily Maintenance and Cleanliness, Managing Crew, Quality Food Production, Exceptional Customer Service, Safety and Security, Scheduling, Training, Leadership, Restaurant, Retail, Hospitality",4
"CT Technologist, Allied Health Professional, Radiology Technician",4
"Communication, Collaboration, SelfAccountable, Solution Oriented, People Centric, Relevant, Initiative, Deliver, Evolve",4
